<application>
  <component name="ProjectJdkTable">
    <jdk version="2">
      <name value="Python 3.7 (hello1)" />
      <type value="Python SDK" />
      <version value="Python 3.7.3" />
      <homePath value="C:\Program Files\anaconda\python.exe" />
      <roots>
        <classPath>
          <root type="composite">
            <root url="file://C:/Program Files/anaconda/DLLs" type="simple" />
            <root url="file://C:/Program Files/anaconda/Lib" type="simple" />
            <root url="file://C:/Program Files/anaconda/Lib/site-packages" type="simple" />
            <root url="file://C:/Program Files/anaconda/Lib/site-packages/win32" type="simple" />
            <root url="file://C:/Program Files/anaconda/Lib/site-packages/win32/lib" type="simple" />
            <root url="file://C:/Program Files/anaconda/Lib/site-packages/pythonwin" type="simple" />
            <root url="file://$USER_HOME$/.PyCharm2019.1/system/python_stubs/-2135057352" type="simple" />
            <root url="file://$APPLICATION_HOME_DIR$/helpers/python-skeletons" type="simple" />
            <root url="file://$APPLICATION_HOME_DIR$/helpers/typeshed/stdlib/3" type="simple" />
            <root url="file://$APPLICATION_HOME_DIR$/helpers/typeshed/stdlib/2and3" type="simple" />
            <root url="file://$APPLICATION_HOME_DIR$/helpers/typeshed/third_party/3" type="simple" />
            <root url="file://$APPLICATION_HOME_DIR$/helpers/typeshed/third_party/2and3" type="simple" />
          </root>
        </classPath>
        <sourcePath>
          <root type="composite" />
        </sourcePath>
      </roots>
      <additional />
    </jdk>
  </component>
</application>